"Non-White Grouping","Local, Intermediate, State: Total","Local, Intermediate, State: M&O and CSF & IIF - Operations","Total Students","Non-White Students","White Students","Eth Total Students","Per-Pupil Revenue: Total","Per-Pupil Revenue: Operations","Quartile Percent Non-White"
"Quartile 1",973731802.63,741244965.47,103155,30778,71886,102664,9439.50174620716,7185.73957122776,0.299793501129899
"Quartile 2",3774730179.25,2942145427.25,403800,197379,206089,403468,9348.01926510649,7286.1451888311,0.489206083258152
"Quartile 3",2084262421.58,1689852067.04,238330,182164,55821,237985,8745.27932522133,7090.3875594344,0.765443200201693
"Quartile 4",1684236475.66,1374962164.88,183553,175559,7575,183134,9175.75019563832,7490.81826437051,0.958636845151638
NA,25615379.2,18497086.53,NA,NA,NA,NA,NA,NA,NA
